<?xml version="1.0" encoding="UTF-8"?>
<urn:AdapterConfiguration authnCtxClassRef="" isInheritAttributeSettings="false" isInheritAttributeMapping="false" maskOgnlValues="false" isInheritExtendedContractAttributes="false" name="Google" xmlns:urn="urn:sourceid.org:saml2:adapter:conf">
    <urn:Fields>
        <urn:Field name="Attribute Retrieval">0</urn:Field>
        <urn:Field name="Client ID">eyJhbGciOiJkaXIiLCJlbmMiOiJBMTI4Q0JDLUhTMjU2Iiwia2lkIjoiRW1JY1UxOVdueSIsInZlcnNpb24iOiI5LjIuMi4wIn0..KHqR0QHlXsC0mUjRgkFRAw.GvQjxnKodidSvqspGz9PkjMF58u_4tNryQ3YCeXP9VNMzJIgb-v_r0KahDBPcfyGn2NEb8q4LTAoYPSTriqlai8AGNffqebGJac0wIf1tHo.i83kHcb2yMrwCO6MyAhguw</urn:Field>
        <urn:Field name="Client Secret">eyJhbGciOiJkaXIiLCJlbmMiOiJBMTI4Q0JDLUhTMjU2Iiwia2lkIjoiRW1JY1UxOVdueSIsInZlcnNpb24iOiI5LjIuMi4wIn0..Q0-P3-P2LKiHLRDGhszL6A.kXoC4c2aazHtlSZgihR6D3ap8lfWBG8THOUoH9ptec0.6kMoPBUizYDkuVxeavaHLg</urn:Field>
        <urn:Field name="Refresh Token"/>
        <urn:Field name="Error Redirect URL"/>
        <urn:Field name="Unauthorized Redirect URL"/>
        <urn:Field name="PingFederate Base URL"/>
        <urn:Field name="Authentication URL">https://accounts.google.com/o/oauth2/auth</urn:Field>
        <urn:Field name="Access Token URL">https://accounts.google.com/o/oauth2/token</urn:Field>
        <urn:Field name="Logout URL">https://accounts.google.com/Logout?hl=en</urn:Field>
        <urn:Field name="User Info URL">https://openidconnect.googleapis.com/v1/userinfo</urn:Field>
        <urn:Field name="Extended Profile Data URL">https://www.googleapis.com/admin/directory/v1/users</urn:Field>
        <urn:Field name="Certificate URL">https://www.googleapis.com/oauth2/v3/certs</urn:Field>
        <urn:Field name="Retry Request">false</urn:Field>
        <urn:Field name="Maximum Retries Limit">5</urn:Field>
        <urn:Field name="Retry Error Codes">403,503</urn:Field>
        <urn:Field name="Require Form Adapter Cancellation">false</urn:Field>
    </urn:Fields>
    <urn:AdvancedFields>
        <urn:Field name="PingFederate Base URL"/>
        <urn:Field name="Authentication URL">https://accounts.google.com/o/oauth2/auth</urn:Field>
        <urn:Field name="Access Token URL">https://accounts.google.com/o/oauth2/token</urn:Field>
        <urn:Field name="Logout URL">https://accounts.google.com/Logout?hl=en</urn:Field>
        <urn:Field name="User Info URL">https://openidconnect.googleapis.com/v1/userinfo</urn:Field>
        <urn:Field name="Extended Profile Data URL">https://www.googleapis.com/admin/directory/v1/users</urn:Field>
        <urn:Field name="Certificate URL">https://www.googleapis.com/oauth2/v3/certs</urn:Field>
        <urn:Field name="Retry Request">false</urn:Field>
        <urn:Field name="Maximum Retries Limit">5</urn:Field>
        <urn:Field name="Retry Error Codes">403,503</urn:Field>
        <urn:Field name="Require Form Adapter Cancellation">false</urn:Field>
    </urn:AdvancedFields>
    <urn:Tables/>
    <urn:ExtendedContractAttributes/>
    <urn:UniqueKeyField>email</urn:UniqueKeyField>
    <urn:AttributeMapping>
        <urn1:AttributeMap Name="email" Type="Adapter" Value="email" xmlns:urn1="urn:sourceid.org:saml2:metadata-extension:v2"/>
        <urn1:TokenAuthorizationIssuanceCriteria xmlns:urn1="urn:sourceid.org:saml2:metadata-extension:v2"/>
    </urn:AttributeMapping>
</urn:AdapterConfiguration>